Workbook

Sheet Resumen
A1: Presupuesto IT / Infraestructura 2026 — Everwear
A2: Vista principal — el detalle de cada ítem está en su hoja de categoría
A4: Categoría | B4: Total (ARS)
A5: MDM (Mobile Device Management) | B5: =SUM('MDM (Mobile Device Management)'!L:L) -> 0
A6: Servidor | B6: =SUM(Servidor!L:L) -> 0
A7: RAM y Procesadores | B7: =SUM('RAM y Procesadores'!L:L) -> 0
A8: Notebooks | B8: =SUM(Notebooks!L:L) -> 0
A9: Impresoras | B9: =SUM(Impresoras!L:L) -> 0
A10: Actualización de PCs (component | B10: =SUM('Actualización de PCs (component'!L:L) -> 0
A11: Cables | B11: =SUM(Cables!L:L) -> 0
A12: Contingencia - Emergencia | B12: =SUM('Contingencia - Emergencia'!L:L) -> 0
A14: TOTAL GENERAL | B14: =SUM(B5:B12) -> 0
A17: Resumen por Prioridad
A18: Prioridad | B18: Total (ARS)
A19: Alta | B19: =SUMIF('MDM (Mobile Device Management)'!B:B,$A$19,'MDM (Mobile Device Management)'!L:L)+SUMIF(Servidor!B:B,$A$19,Servidor!L:L)+SUMIF('RAM y Procesadores'!B:B,$A$19,'RAM y Procesadores'!L:L)+SUMIF(Notebooks!B:B,$A$19,Notebooks!L:L)+SUMIF(Impresoras!B:B,$A$19,Impresoras!L:L)+SUMIF('Actualización de PCs (component'!B:B,$A$19,'Actualización de PCs (component'!L:L)+SUMIF(Cables!B:B,$A$19,Cables!L:L)+SUMIF('Contingencia - Emergencia'!B:B,$A$19,'Contingencia - Emergencia'!L:L) -> 0
A20: Media | B20: =SUMIF('MDM (Mobile Device Management)'!B:B,$A$20,'MDM (Mobile Device Management)'!L:L)+SUMIF(Servidor!B:B,$A$20,Servidor!L:L)+SUMIF('RAM y Procesadores'!B:B,$A$20,'RAM y Procesadores'!L:L)+SUMIF(Notebooks!B:B,$A$20,Notebooks!L:L)+SUMIF(Impresoras!B:B,$A$20,Impresoras!L:L)+SUMIF('Actualización de PCs (component'!B:B,$A$20,'Actualización de PCs (component'!L:L)+SUMIF(Cables!B:B,$A$20,Cables!L:L)+SUMIF('Contingencia - Emergencia'!B:B,$A$20,'Contingencia - Emergencia'!L:L) -> 0
A21: Baja | B21: =SUMIF('MDM (Mobile Device Management)'!B:B,$A$21,'MDM (Mobile Device Management)'!L:L)+SUMIF(Servidor!B:B,$A$21,Servidor!L:L)+SUMIF('RAM y Procesadores'!B:B,$A$21,'RAM y Procesadores'!L:L)+SUMIF(Notebooks!B:B,$A$21,Notebooks!L:L)+SUMIF(Impresoras!B:B,$A$21,Impresoras!L:L)+SUMIF('Actualización de PCs (component'!B:B,$A$21,'Actualización de PCs (component'!L:L)+SUMIF(Cables!B:B,$A$21,Cables!L:L)+SUMIF('Contingencia - Emergencia'!B:B,$A$21,'Contingencia - Emergencia'!L:L) -> 0
A23: Resumen por Estado
A24: Estado | B24: Total (ARS)
A25: Pendiente | B25: =SUMIF('MDM (Mobile Device Management)'!M:M,$A$25,'MDM (Mobile Device Management)'!L:L)+SUMIF(Servidor!M:M,$A$25,Servidor!L:L)+SUMIF('RAM y Procesadores'!M:M,$A$25,'RAM y Procesadores'!L:L)+SUMIF(Notebooks!M:M,$A$25,Notebooks!L:L)+SUMIF(Impresoras!M:M,$A$25,Impresoras!L:L)+SUMIF('Actualización de PCs (component'!M:M,$A$25,'Actualización de PCs (component'!L:L)+SUMIF(Cables!M:M,$A$25,Cables!L:L)+SUMIF('Contingencia - Emergencia'!M:M,$A$25,'Contingencia - Emergencia'!L:L) -> 0
A26: Cotizado | B26: =SUMIF('MDM (Mobile Device Management)'!M:M,$A$26,'MDM (Mobile Device Management)'!L:L)+SUMIF(Servidor!M:M,$A$26,Servidor!L:L)+SUMIF('RAM y Procesadores'!M:M,$A$26,'RAM y Procesadores'!L:L)+SUMIF(Notebooks!M:M,$A$26,Notebooks!L:L)+SUMIF(Impresoras!M:M,$A$26,Impresoras!L:L)+SUMIF('Actualización de PCs (component'!M:M,$A$26,'Actualización de PCs (component'!L:L)+SUMIF(Cables!M:M,$A$26,Cables!L:L)+SUMIF('Contingencia - Emergencia'!M:M,$A$26,'Contingencia - Emergencia'!L:L) -> 0
A27: Aprobado | B27: =SUMIF('MDM (Mobile Device Management)'!M:M,$A$27,'MDM (Mobile Device Management)'!L:L)+SUMIF(Servidor!M:M,$A$27,Servidor!L:L)+SUMIF('RAM y Procesadores'!M:M,$A$27,'RAM y Procesadores'!L:L)+SUMIF(Notebooks!M:M,$A$27,Notebooks!L:L)+SUMIF(Impresoras!M:M,$A$27,Impresoras!L:L)+SUMIF('Actualización de PCs (component'!M:M,$A$27,'Actualización de PCs (component'!L:L)+SUMIF(Cables!M:M,$A$27,Cables!L:L)+SUMIF('Contingencia - Emergencia'!M:M,$A$27,'Contingencia - Emergencia'!L:L) -> 0
A28: Comprado | B28: =SUMIF('MDM (Mobile Device Management)'!M:M,$A$28,'MDM (Mobile Device Management)'!L:L)+SUMIF(Servidor!M:M,$A$28,Servidor!L:L)+SUMIF('RAM y Procesadores'!M:M,$A$28,'RAM y Procesadores'!L:L)+SUMIF(Notebooks!M:M,$A$28,Notebooks!L:L)+SUMIF(Impresoras!M:M,$A$28,Impresoras!L:L)+SUMIF('Actualización de PCs (component'!M:M,$A$28,'Actualización de PCs (component'!L:L)+SUMIF(Cables!M:M,$A$28,Cables!L:L)+SUMIF('Contingencia - Emergencia'!M:M,$A$28,'Contingencia - Emergencia'!L:L) -> 0
A29: Cancelado | B29: =SUMIF('MDM (Mobile Device Management)'!M:M,$A$29,'MDM (Mobile Device Management)'!L:L)+SUMIF(Servidor!M:M,$A$29,Servidor!L:L)+SUMIF('RAM y Procesadores'!M:M,$A$29,'RAM y Procesadores'!L:L)+SUMIF(Notebooks!M:M,$A$29,Notebooks!L:L)+SUMIF(Impresoras!M:M,$A$29,Impresoras!L:L)+SUMIF('Actualización de PCs (component'!M:M,$A$29,'Actualización de PCs (component'!L:L)+SUMIF(Cables!M:M,$A$29,Cables!L:L)+SUMIF('Contingencia - Emergencia'!M:M,$A$29,'Contingencia - Emergencia'!L:L) -> 0

Sheet MDM (Mobile Device Management)
A1: MDM (Mobile Device Management)
A2: Completar celdas azules. Agregá filas dentro de la tabla y las fórmulas/totales se ajustan solos.
A3: Detalle / Ítem | B3: Prioridad | C3: Proveedor 1 | D3: Precio 1 | E3: Proveedor 2 | F3: Precio 2 | G3: Proveedor 3 | H3: Precio 3 | I3: Proveedor Elegido | J3: Cantidad | K3: Precio Unitario Elegido | L3: Total | M3: Estado | N3: Notas
A4: Licencia app MDM control de celulares | L4: =IF(OR(J4="",K4=""),"",J4*K4)
L5: =IF(OR(J5="",K5=""),"",J5*K5)
L6: =IF(OR(J6="",K6=""),"",J6*K6)

Sheet Servidor
A1: Servidor
A2: Completar celdas azules. Agregá filas dentro de la tabla y las fórmulas/totales se ajustan solos.
A3: Detalle / Ítem | B3: Prioridad | C3: Proveedor 1 | D3: Precio 1 | E3: Proveedor 2 | F3: Precio 2 | G3: Proveedor 3 | H3: Precio 3 | I3: Proveedor Elegido | J3: Cantidad | K3: Precio Unitario Elegido | L3: Total | M3: Estado | N3: Notas
A4: Actualización / upgrade de servidor | L4: =IF(OR(J4="",K4=""),"",J4*K4)
L5: =IF(OR(J5="",K5=""),"",J5*K5)
L6: =IF(OR(J6="",K6=""),"",J6*K6)

Sheet RAM y Procesadores
A1: RAM y Procesadores
A2: Completar celdas azules. Agregá filas dentro de la tabla y las fórmulas/totales se ajustan solos.
A3: Detalle / Ítem | B3: Prioridad | C3: Proveedor 1 | D3: Precio 1 | E3: Proveedor 2 | F3: Precio 2 | G3: Proveedor 3 | H3: Precio 3 | I3: Proveedor Elegido | J3: Cantidad | K3: Precio Unitario Elegido | L3: Total | M3: Estado | N3: Notas
A4: Memoria RAM | L4: =IF(OR(J4="",K4=""),"",J4*K4)
A5: Procesador | L5: =IF(OR(J5="",K5=""),"",J5*K5)
L6: =IF(OR(J6="",K6=""),"",J6*K6)
L7: =IF(OR(J7="",K7=""),"",J7*K7)

Sheet Notebooks
A1: Notebooks
A2: Completar celdas azules. Agregá filas dentro de la tabla y las fórmulas/totales se ajustan solos.
A3: Detalle / Ítem | B3: Prioridad | C3: Proveedor 1 | D3: Precio 1 | E3: Proveedor 2 | F3: Precio 2 | G3: Proveedor 3 | H3: Precio 3 | I3: Proveedor Elegido | J3: Cantidad | K3: Precio Unitario Elegido | L3: Total | M3: Estado | N3: Notas
A4: Notebook | L4: =IF(OR(J4="",K4=""),"",J4*K4)
L5: =IF(OR(J5="",K5=""),"",J5*K5)
L6: =IF(OR(J6="",K6=""),"",J6*K6)

Sheet Impresoras
A1: Impresoras
A2: Completar celdas azules. Agregá filas dentro de la tabla y las fórmulas/totales se ajustan solos.
A3: Detalle / Ítem | B3: Prioridad | C3: Proveedor 1 | D3: Precio 1 | E3: Proveedor 2 | F3: Precio 2 | G3: Proveedor 3 | H3: Precio 3 | I3: Proveedor Elegido | J3: Cantidad | K3: Precio Unitario Elegido | L3: Total | M3: Estado | N3: Notas
A4: Impresora | L4: =IF(OR(J4="",K4=""),"",J4*K4)
L5: =IF(OR(J5="",K5=""),"",J5*K5)
L6: =IF(OR(J6="",K6=""),"",J6*K6)

Sheet Actualización de PCs (component
A1: Actualización de PCs (component
A2: Completar celdas azules. Agregá filas dentro de la tabla y las fórmulas/totales se ajustan solos.
A3: Detalle / Ítem | B3: Prioridad | C3: Proveedor 1 | D3: Precio 1 | E3: Proveedor 2 | F3: Precio 2 | G3: Proveedor 3 | H3: Precio 3 | I3: Proveedor Elegido | J3: Cantidad | K3: Precio Unitario Elegido | L3: Total | M3: Estado | N3: Notas
A4: Componente (disco/SSD/fuente/etc.) | L4: =IF(OR(J4="",K4=""),"",J4*K4)
L5: =IF(OR(J5="",K5=""),"",J5*K5)
L6: =IF(OR(J6="",K6=""),"",J6*K6)

Sheet Cables
A1: Cables
A2: Completar celdas azules. Agregá filas dentro de la tabla y las fórmulas/totales se ajustan solos.
A3: Detalle / Ítem | B3: Prioridad | C3: Proveedor 1 | D3: Precio 1 | E3: Proveedor 2 | F3: Precio 2 | G3: Proveedor 3 | H3: Precio 3 | I3: Proveedor Elegido | J3: Cantidad | K3: Precio Unitario Elegido | L3: Total | M3: Estado | N3: Notas
A4: Cables varios (red, alimentación, video) | L4: =IF(OR(J4="",K4=""),"",J4*K4)
L5: =IF(OR(J5="",K5=""),"",J5*K5)
L6: =IF(OR(J6="",K6=""),"",J6*K6)

Sheet Contingencia - Emergencia
A1: Contingencia - Emergencia
A2: Completar celdas azules. Agregá filas dentro de la tabla y las fórmulas/totales se ajustan solos.
A3: Detalle / Ítem | B3: Prioridad | C3: Proveedor 1 | D3: Precio 1 | E3: Proveedor 2 | F3: Precio 2 | G3: Proveedor 3 | H3: Precio 3 | I3: Proveedor Elegido | J3: Cantidad | K3: Precio Unitario Elegido | L3: Total | M3: Estado | N3: Notas
A4: Colchón para caso de emergencia (imprevistos) | L4: =IF(OR(J4="",K4=""),"",J4*K4)
L5: =IF(OR(J5="",K5=""),"",J5*K5)
L6: =IF(OR(J6="",K6=""),"",J6*K6)

Sheet Gráficos
A1: Gráficos
